l,xi,xmax
-4.0,2.0,0.997054
-4.0,1.9,0.997052
-4.0,1.8,0.99705
-4.0,1.7,0.997048
-4.0,1.6,0.997045
-4.0,1.5,0.997042
-4.0,1.4,0.997037
-4.0,1.3,0.997032
-4.0,1.2,0.997025
-4.0,1.1,0.997016
-4.0,1.0,0.997005
-4.0,0.9,0.996991
-4.0,0.8,0.996974
-4.0,0.7,0.996952
-4.0,0.6,0.996924
-4.0,0.5,0.996889
-4.0,0.4,0.996844
-4.0,0.3,0.996789
-4.0,0.2,0.996719
-4.0,0.1,0.996631
-4.0,0.0,0.99652
-4.0,-0.1,0.996381
-4.0,-0.2,0.996218
-4.0,-0.3,0.995998
-4.0,-0.4,0.99572
-4.0,-0.5,0.99537
-4.0,-0.6,0.994931
-4.0,-0.7,0.994376
-4.0,-0.8,0.993679
-4.0,-0.9,0.992801
-4.0,-1.0,0.991696
-4.0,-1.1,0.990304
-4.0,-1.2,0.988552
-4.0,-1.3,0.986346
-4.0,-1.4,0.98357
-4.0,-1.5,0.980074
-4.0,-1.6,0.975673
-4.0,-1.7,0.970133
-4.0,-1.8,0.963158
-4.0,-1.9,0.954378
-4.0,-2.0,0.943323
-4.0,-2.1,0.929407
-4.0,-2.2,0.911888
-4.0,-2.3,0.889832
-4.0,-2.4,0.862065
-4.0,-2.5,0.827109
-4.0,-2.6,0.783101
-4.0,-2.7,0.727699
-4.0,-2.8,0.657952
-4.0,-2.9,0.570146
-4.0,-3.0,0.459604
-4.0,-3.1,0.32044
-4.0,-3.2,0.145244
-3.75,2.0,0.997026
-3.75,1.9,0.997024
-3.75,1.8,0.997021
-3.75,1.7,0.997018
-3.75,1.6,0.997015
-3.75,1.5,0.99701
-3.75,1.4,0.997004
-3.75,1.3,0.996997
-3.75,1.2,0.996987
-3.75,1.1,0.996976
-3.75,1.0,0.996961
-3.75,0.9,0.996942
-3.75,0.8,0.996919
-3.75,0.7,0.99689
-3.75,0.6,0.996852
-3.75,0.5,0.996806
-3.75,0.4,0.996747
-3.75,0.3,0.996673
-3.75,0.2,0.99658
-3.75,0.1,0.996463
-3.75,0.0,0.996315
-3.75,-0.1,0.996129
-3.75,-0.2,0.995908
-3.75,-0.3,0.995614
-3.75,-0.4,0.995244
-3.75,-0.5,0.994778
-3.75,-0.6,0.994191
-3.75,-0.7,0.993452
-3.75,-0.8,0.992522
-3.75,-0.9,0.991351
-3.75,-1.0,0.989877
-3.75,-1.1,0.988021
-3.75,-1.2,0.985685
-3.75,-1.3,0.982744
-3.75,-1.4,0.979041
-3.75,-1.5,0.974379
-3.75,-1.6,0.968511
-3.75,-1.7,0.961123
-3.75,-1.8,0.951822
-3.75,-1.9,0.940113
-3.75,-2.0,0.925372
-3.75,-2.1,0.906814
-3.75,-2.2,0.883451
-3.75,-2.3,0.854039
-3.75,-2.4,0.817012
-3.75,-2.5,0.770397
-3.75,-2.6,0.711712
-3.75,-2.7,0.637832
-3.75,-2.8,0.544823
-3.75,-2.9,0.427731
-3.75,-3.0,0.280322
-3.75,-3.1,0.094744
-3.75,-3.2,0.0
-3.5,2.0,0.996977
-3.5,1.9,0.996975
-3.5,1.8,0.996972
-3.5,1.7,0.996968
-3.5,1.6,0.996963
-3.5,1.5,0.996956
-3.5,1.4,0.996949
-3.5,1.3,0.996939
-3.5,1.2,0.996926
-3.5,1.1,0.996911
-3.5,1.0,0.996891
-3.5,0.9,0.996866
-3.5,0.8,0.996835
-3.5,0.7,0.996796
-3.5,0.6,0.996746
-3.5,0.5,0.996684
-3.5,0.4,0.996606
-3.5,0.3,0.996507
-3.5,0.2,0.996383
-3.5,0.1,0.996226
-3.5,0.0,0.996042
-3.5,-0.1,0.995795
-3.5,-0.2,0.995483
-3.5,-0.3,0.995091
-3.5,-0.4,0.994597
-3.5,-0.5,0.993976
-3.5,-0.6,0.993193
-3.5,-0.7,0.992208
-3.5,-0.8,0.990968
-3.5,-0.9,0.989406
-3.5,-1.0,0.98744
-3.5,-1.1,0.984966
-3.5,-1.2,0.98185
-3.5,-1.3,0.977928
-3.5,-1.4,0.97299
-3.5,-1.5,0.966774
-3.5,-1.6,0.958948
-3.5,-1.7,0.949096
-3.5,-1.8,0.936693
-3.5,-1.9,0.921079
-3.5,-2.0,0.901422
-3.5,-2.1,0.876675
-3.5,-2.2,0.84552
-3.5,-2.3,0.806298
-3.5,-2.4,0.756921
-3.5,-2.5,0.694759
-3.5,-2.6,0.616501
-3.5,-2.7,0.517981
-3.5,-2.8,0.393951
-3.5,-2.9,0.237807
-3.5,-3.0,0.041233
-3.5,-3.1,0.0
-3.5,-3.2,0.0
-3.25,2.0,0.996892
-3.25,1.9,0.996889
-3.25,1.8,0.996885
-3.25,1.7,0.996879
-3.25,1.6,0.996873
-3.25,1.5,0.996864
-3.25,1.4,0.996854
-3.25,1.3,0.996841
-3.25,1.2,0.996824
-3.25,1.1,0.996803
-3.25,1.0,0.996777
-3.25,0.9,0.996744
-3.25,0.8,0.996702
-3.25,0.7,0.99665
-3.25,0.6,0.996584
-3.25,0.5,0.996501
-3.25,0.4,0.996396
-3.25,0.3,0.996265
-3.25,0.2,0.996099
-3.25,0.1,0.99589
-3.25,0.0,0.995628
-3.25,-0.1,0.995297
-3.25,-0.2,0.994896
-3.25,-0.3,0.994373
-3.25,-0.4,0.993715
-3.25,-0.5,0.992886
-3.25,-0.6,0.991842
-3.25,-0.7,0.990528
-3.25,-0.8,0.988874
-3.25,-0.9,0.986792
-3.25,-1.0,0.984171
-3.25,-1.1,0.980871
-3.25,-1.2,0.976716
-3.25,-1.3,0.971486
-3.25,-1.4,0.964901
-3.25,-1.5,0.956612
-3.25,-1.6,0.946176
-3.25,-1.7,0.933038
-3.25,-1.8,0.916498
-3.25,-1.9,0.895676
-3.25,-2.0,0.869463
-3.25,-2.1,0.836462
-3.25,-2.2,0.794916
-3.25,-2.3,0.742613
-3.25,-2.4,0.676768
-3.25,-2.5,0.593873
-3.25,-2.6,0.489515
-3.25,-2.7,0.358136
-3.25,-2.8,0.19274
-3.25,-2.9,0.0
-3.25,-3.0,0.0
-3.25,-3.1,0.0
-3.25,-3.2,0.0
-3.0,2.0,0.996742
-3.0,1.9,0.996737
-3.0,1.8,0.996732
-3.0,1.7,0.996725
-3.0,1.6,0.996716
-3.0,1.5,0.996705
-3.0,1.4,0.996691
-3.0,1.3,0.996674
-3.0,1.2,0.996651
-3.0,1.1,0.996624
-3.0,1.0,0.996589
-3.0,0.9,0.996545
-3.0,0.8,0.996489
-3.0,0.7,0.996419
-3.0,0.6,0.996331
-3.0,0.5,0.996221
-3.0,0.4,0.996081
-3.0,0.3,0.995905
-3.0,0.2,0.995685
-3.0,0.1,0.995407
-3.0,0.0,0.995056
-3.0,-0.1,0.994615
-3.0,-0.2,0.994076
-3.0,-0.3,0.993379
-3.0,-0.4,0.992501
-3.0,-0.5,0.991395
-3.0,-0.6,0.990004
-3.0,-0.7,0.988252
-3.0,-0.8,0.986046
-3.0,-0.9,0.98327
-3.0,-1.0,0.979774
-3.0,-1.1,0.975374
-3.0,-1.2,0.969833
-3.0,-1.3,0.962859
-3.0,-1.4,0.954078
-3.0,-1.5,0.943024
-3.0,-1.6,0.929107
-3.0,-1.7,0.911588
-3.0,-1.8,0.889532
-3.0,-1.9,0.861765
-3.0,-2.0,0.826809
-3.0,-2.1,0.782801
-3.0,-2.2,0.727399
-3.0,-2.3,0.657652
-3.0,-2.4,0.569846
-3.0,-2.5,0.459304
-3.0,-2.6,0.32014
-3.0,-2.7,0.144944
-3.0,-2.8,0.0
-3.0,-2.9,0.0
-3.0,-3.0,0.0
-3.0,-3.1,0.0
-3.0,-3.2,0.0
-2.75,2.0,0.996477
-2.75,1.9,0.996471
-2.75,1.8,0.996464
-2.75,1.7,0.996454
-2.75,1.6,0.996443
-2.75,1.5,0.996428
-2.75,1.4,0.996409
-2.75,1.3,0.996386
-2.75,1.2,0.996357
-2.75,1.1,0.996319
-2.75,1.0,0.996273
-2.75,0.9,0.996214
-2.75,0.8,0.99614
-2.75,0.7,0.996047
-2.75,0.6,0.995929
-2.75,0.5,0.995782
-2.75,0.4,0.995596
-2.75,0.3,0.995361
-2.75,0.2,0.995067
-2.75,0.1,0.994696
-2.75,0.0,0.994229
-2.75,-0.1,0.993641
-2.75,-0.2,0.992919
-2.75,-0.3,0.991989
-2.75,-0.4,0.990818
-2.75,-0.5,0.989344
-2.75,-0.6,0.987488
-2.75,-0.7,0.985152
-2.75,-0.8,0.982211
-2.75,-0.9,0.978508
-2.75,-1.0,0.973846
-2.75,-1.1,0.967978
-2.75,-1.2,0.96059
-2.75,-1.3,0.951289
-2.75,-1.4,0.93958
-2.75,-1.5,0.924839
-2.75,-1.6,0.906281
-2.75,-1.7,0.882918
-2.75,-1.8,0.853506
-2.75,-1.9,0.816478
-2.75,-2.0,0.769863
-2.75,-2.1,0.711179
-2.75,-2.2,0.637299
-2.75,-2.3,0.54429
-2.75,-2.4,0.427198
-2.75,-2.5,0.279789
-2.75,-2.6,0.094211
-2.75,-2.7,0.0
-2.75,-2.8,0.0
-2.75,-2.9,0.0
-2.75,-3.0,0.0
-2.75,-3.1,0.0
-2.75,-3.2,0.0
-2.5,2.0,0.996008
-2.5,1.9,0.996
-2.5,1.8,0.995991
-2.5,1.7,0.995978
-2.5,1.6,0.995963
-2.5,1.5,0.995943
-2.5,1.4,0.995918
-2.5,1.3,0.995887
-2.5,1.2,0.995848
-2.5,1.1,0.995798
-2.5,1.0,0.995736
-2.5,0.9,0.995658
-2.5,0.8,0.995559
-2.5,0.7,0.995435
-2.5,0.6,0.995278
-2.5,0.5,0.995081
-2.5,0.4,0.994833
-2.5,0.3,0.994521
-2.5,0.2,0.994128
-2.5,0.1,0.993633
-2.5,0.0,0.99301
-2.5,-0.1,0.992226
-2.5,-0.2,0.99126
-2.5,-0.3,0.99002
-2.5,-0.4,0.988458
-2.5,-0.5,0.986492
-2.5,-0.6,0.984017
-2.5,-0.7,0.980902
-2.5,-0.8,0.97698
-2.5,-0.9,0.972042
-2.5,-1.0,0.965826
-2.5,-1.1,0.958
-2.5,-1.2,0.948148
-2.5,-1.3,0.935745
-2.5,-1.4,0.920131
-2.5,-1.5,0.900473
-2.5,-1.6,0.875726
-2.5,-1.7,0.844571
-2.5,-1.8,0.80535
-2.5,-1.9,0.755973
-2.5,-2.0,0.693811
-2.5,-2.1,0.615553
-2.5,-2.2,0.517033
-2.5,-2.3,0.393003
-2.5,-2.4,0.236859
-2.5,-2.5,0.040285
-2.5,-2.6,0.0
-2.5,-2.7,0.0
-2.5,-2.8,0.0
-2.5,-2.9,0.0
-2.5,-3.0,0.0
-2.5,-3.1,0.0
-2.5,-3.2,0.0
-2.25,2.0,0.995179
-2.25,1.9,0.995168
-2.25,1.8,0.995155
-2.25,1.7,0.995138
-2.25,1.6,0.995117
-2.25,1.5,0.995091
-2.25,1.4,0.995058
-2.25,1.3,0.995016
-2.25,1.2,0.994964
-2.25,1.1,0.994898
-2.25,1.0,0.994815
-2.25,0.9,0.994711
-2.25,0.8,0.994579
-2.25,0.7,0.994413
-2.25,0.6,0.994204
-2.25,0.5,0.993942
-2.25,0.4,0.993611
-2.25,0.3,0.993195
-2.25,0.2,0.992671
-2.25,0.1,0.992011
-2.25,0.0,0.991181
-2.25,-0.1,0.990135
-2.25,-0.2,0.988842
-2.25,-0.3,0.987188
-2.25,-0.4,0.985106
-2.25,-0.5,0.982485
-2.25,-0.6,0.979185
-2.25,-0.7,0.97503
-2.25,-0.8,0.9698
-2.25,-0.9,0.963215
-2.25,-1.0,0.954926
-2.25,-1.1,0.94449
-2.25,-1.2,0.931352
-2.25,-1.3,0.914813
-2.25,-1.4,0.89399
-2.25,-1.5,0.867777
-2.25,-1.6,0.834776
-2.25,-1.7,0.79323
-2.25,-1.8,0.740927
-2.25,-1.9,0.675082
-2.25,-2.0,0.592187
-2.25,-2.1,0.487829
-2.25,-2.2,0.35645
-2.25,-2.3,0.191054
-2.25,-2.4,0.0
-2.25,-2.5,0.0
-2.25,-2.6,0.0
-2.25,-2.7,0.0
-2.25,-2.8,0.0
-2.25,-2.9,0.0
-2.25,-3.0,0.0
-2.25,-3.1,0.0
-2.25,-3.2,0.0
-2.0,2.0,0.993707
-2.0,1.9,0.993693
-2.0,1.8,0.993676
-2.0,1.7,0.993654
-2.0,1.6,0.993626
-2.0,1.5,0.993591
-2.0,1.4,0.993547
-2.0,1.3,0.993491
-2.0,1.2,0.993421
-2.0,1.1,0.993333
-2.0,1.0,0.993222
-2.0,0.9,0.993083
-2.0,0.8,0.992908
-2.0,0.7,0.992686
-2.0,0.6,0.992408
-2.0,0.5,0.992058
-2.0,0.4,0.991617
-2.0,0.3,0.991062
-2.0,0.2,0.990363
-2.0,0.1,0.989483
-2.0,0.0,0.988376
-2.0,-0.1,0.986982
-2.0,-0.2,0.985254
-2.0,-0.3,0.983048
-2.0,-0.4,0.980272
-2.0,-0.5,0.976776
-2.0,-0.6,0.972375
-2.0,-0.7,0.966835
-2.0,-0.8,0.95986
-2.0,-0.9,0.95108
-2.0,-1.0,0.940025
-2.0,-1.1,0.926109
-2.0,-1.2,0.908589
-2.0,-1.3,0.886534
-2.0,-1.4,0.858767
-2.0,-1.5,0.82381
-2.0,-1.6,0.779803
-2.0,-1.7,0.724401
-2.0,-1.8,0.654654
-2.0,-1.9,0.566848
-2.0,-2.0,0.456306
-2.0,-2.1,0.317142
-2.0,-2.2,0.141946
-2.0,-2.3,0.0
-2.0,-2.4,0.0
-2.0,-2.5,0.0
-2.0,-2.6,0.0
-2.0,-2.7,0.0
-2.0,-2.8,0.0
-2.0,-2.9,0.0
-2.0,-3.0,0.0
-2.0,-3.1,0.0
-2.0,-3.2,0.0
-1.75,2.0,0.991096
-1.75,1.9,0.991078
-1.75,1.8,0.991054
-1.75,1.7,0.991025
-1.75,1.6,0.990988
-1.75,1.5,0.990941
-1.75,1.4,0.990883
-1.75,1.3,0.990808
-1.75,1.2,0.990715
-1.75,1.1,0.990598
-1.75,1.0,0.99045
-1.75,0.9,0.990264
-1.75,0.8,0.99003
-1.75,0.7,0.989735
-1.75,0.6,0.989364
-1.75,0.5,0.988898
-1.75,0.4,0.988309
-1.75,0.3,0.987569
-1.75,0.2,0.986637
-1.75,0.1,0.985464
-1.75,0.0,0.983987
-1.75,-0.1,0.982128
-1.75,-0.2,0.97982
-1.75,-0.3,0.976879
-1.75,-0.4,0.973176
-1.75,-0.5,0.968515
-1.75,-0.6,0.962646
-1.75,-0.7,0.955258
-1.75,-0.8,0.945957
-1.75,-0.9,0.934248
-1.75,-1.0,0.919507
-1.75,-1.1,0.90095
-1.75,-1.2,0.877587
-1.75,-1.3,0.848175
-1.75,-1.4,0.811147
-1.75,-1.5,0.764532
-1.75,-1.6,0.705847
-1.75,-1.7,0.631967
-1.75,-1.8,0.538958
-1.75,-1.9,0.421867
-1.75,-2.0,0.274457
-1.75,-2.1,0.088879
-1.75,-2.2,0.0
-1.75,-2.3,0.0
-1.75,-2.4,0.0
-1.75,-2.5,0.0
-1.75,-2.6,0.0
-1.75,-2.7,0.0
-1.75,-2.8,0.0
-1.75,-2.9,0.0
-1.75,-3.0,0.0
-1.75,-3.1,0.0
-1.75,-3.2,0.0
-1.5,2.0,0.986462
-1.5,1.9,0.986437
-1.5,1.8,0.986406
-1.5,1.7,0.986367
-1.5,1.6,0.986317
-1.5,1.5,0.986255
-1.5,1.4,0.986176
-1.5,1.3,0.986078
-1.5,1.2,0.985954
-1.5,1.1,0.985797
-1.5,1.0,0.9856
-1.5,0.9,0.985352
-1.5,0.8,0.98504
-1.5,0.7,0.984647
-1.5,0.6,0.984152
-1.5,0.5,0.983529
-1.5,0.4,0.982745
-1.5,0.3,0.981758
-1.5,0.2,0.980516
-1.5,0.1,0.978951
-1.5,0.0,0.976981
-1.5,-0.1,0.974502
-1.5,-0.2,0.971421
-1.5,-0.3,0.967499
-1.5,-0.4,0.962561
-1.5,-0.5,0.956345
-1.5,-0.6,0.948519
-1.5,-0.7,0.938667
-1.5,-0.8,0.926264
-1.5,-0.9,0.91065
-1.5,-1.0,0.890992
-1.5,-1.1,0.866245
-1.5,-1.2,0.835091
-1.5,-1.3,0.795869
-1.5,-1.4,0.746492
-1.5,-1.5,0.68433
-1.5,-1.6,0.606072
-1.5,-1.7,0.507552
-1.5,-1.8,0.383522
-1.5,-1.9,0.227378
-1.5,-2.0,0.030805
-1.5,-2.1,0.0
-1.5,-2.2,0.0
-1.5,-2.3,0.0
-1.5,-2.4,0.0
-1.5,-2.5,0.0
-1.5,-2.6,0.0
-1.5,-2.7,0.0
-1.5,-2.8,0.0
-1.5,-2.9,0.0
-1.5,-3.0,0.0
-1.5,-3.1,0.0
-1.5,-3.2,0.0
-1.25,2.0,0.978231
-1.25,1.9,0.978198
-1.25,1.8,0.978157
-1.25,1.7,0.978104
-1.25,1.6,0.978038
-1.25,1.5,0.977955
-1.25,1.4,0.977851
-1.25,1.3,0.977719
-1.25,1.2,0.977553
-1.25,1.1,0.977345
-1.25,1.0,0.977082
-1.25,0.9,0.976751
-1.25,0.8,0.976335
-1.25,0.7,0.975811
-1.25,0.6,0.975152
-1.25,0.5,0.974321
-1.25,0.4,0.973275
-1.25,0.3,0.971959
-1.25,0.2,0.970302
-1.25,0.1,0.968215
-1.25,0.0,0.965589
-1.25,-0.1,0.962282
-1.25,-0.2,0.95817
-1.25,-0.3,0.95294
-1.25,-0.4,0.946356
-1.25,-0.5,0.938066
-1.25,-0.6,0.92763
-1.25,-0.7,0.914493
-1.25,-0.8,0.897953
-1.25,-0.9,0.877131
-1.25,-1.0,0.850917
-1.25,-1.1,0.817916
-1.25,-1.2,0.776371
-1.25,-1.3,0.724068
-1.25,-1.4,0.658222
-1.25,-1.5,0.575328
-1.25,-1.6,0.47097
-1.25,-1.7,0.339591
-1.25,-1.8,0.174194
-1.25,-1.9,0.0
-1.25,-2.0,0.0
-1.25,-2.1,0.0
-1.25,-2.2,0.0
-1.25,-2.3,0.0
-1.25,-2.4,0.0
-1.25,-2.5,0.0
-1.25,-2.6,0.0
-1.25,-2.7,0.0
-1.25,-2.8,0.0
-1.25,-2.9,0.0
-1.25,-3.0,0.0
-1.25,-3.1,0.0
-1.25,-3.2,0.0
-1.0,2.0,0.963609
-1.0,1.9,0.963565
-1.0,1.8,0.96351
-1.0,1.7,0.96344
-1.0,1.6,0.963352
-1.0,1.5,0.963241
-1.0,1.4,0.963102
-1.0,1.3,0.962926
-1.0,1.2,0.962705
-1.0,1.1,0.962427
-1.0,1.0,0.962077
-1.0,0.9,0.961636
-1.0,0.8,0.961081
-1.0,0.7,0.960382
-1.0,0.6,0.959502
-1.0,0.5,0.958395
-1.0,0.4,0.957
-1.0,0.3,0.955245
-1.0,0.2,0.953035
-1.0,0.1,0.950253
-1.0,0.0,0.946751
-1.0,-0.1,0.942341
-1.0,-0.2,0.936854
-1.0,-0.3,0.929879
-1.0,-0.4,0.921098
-1.0,-0.5,0.910044
-1.0,-0.6,0.896128
-1.0,-0.7,0.878608
-1.0,-0.8,0.856552
-1.0,-0.9,0.828786
-1.0,-1.0,0.793829
-1.0,-1.1,0.749822
-1.0,-1.2,0.69442
-1.0,-1.3,0.624673
-1.0,-1.4,0.536866
-1.0,-1.5,0.426325
-1.0,-1.6,0.287161
-1.0,-1.7,0.111965
-1.0,-1.8,0.0
-1.0,-1.9,0.0
-1.0,-2.0,0.0
-1.0,-2.1,0.0
-1.0,-2.2,0.0
-1.0,-2.3,0.0
-1.0,-2.4,0.0
-1.0,-2.5,0.0
-1.0,-2.6,0.0
-1.0,-2.7,0.0
-1.0,-2.8,0.0
-1.0,-2.9,0.0
-1.0,-3.0,0.0
-1.0,-3.1,0.0
-1.0,-3.2,0.0
-0.75,2.0,0.937626
-0.75,1.9,0.937567
-0.75,1.8,0.937493
-0.75,1.7,0.9374
-0.75,1.6,0.937283
-0.75,1.5,0.937135
-0.75,1.4,0.936949
-0.75,1.3,0.936715
-0.75,1.2,0.93642
-0.75,1.1,0.936049
-0.75,1.0,0.935582
-0.75,0.9,0.934994
-0.75,0.8,0.934254
-0.75,0.7,0.933322
-0.75,0.6,0.932149
-0.75,0.5,0.930672
-0.75,0.4,0.928813
-0.75,0.3,0.926472
-0.75,0.2,0.923525
-0.75,0.1,0.919815
-0.75,0.0,0.915145
-0.75,-0.1,0.909265
-0.75,-0.2,0.901943
-0.75,-0.3,0.892642
-0.75,-0.4,0.880933
-0.75,-0.5,0.866192
-0.75,-0.6,0.847635
-0.75,-0.7,0.824272
-0.75,-0.8,0.794859
-0.75,-0.9,0.757832
-0.75,-1.0,0.711217
-0.75,-1.1,0.652532
-0.75,-1.2,0.578652
-0.75,-1.3,0.485643
-0.75,-1.4,0.368552
-0.75,-1.5,0.221142
-0.75,-1.6,0.039571
-0.75,-1.7,0.0
-0.75,-1.8,0.0
-0.75,-1.9,0.0
-0.75,-2.0,0.0
-0.75,-2.1,0.0
-0.75,-2.2,0.0
-0.75,-2.3,0.0
-0.75,-2.4,0.0
-0.75,-2.5,0.0
-0.75,-2.6,0.0
-0.75,-2.7,0.0
-0.75,-2.8,0.0
-0.75,-2.9,0.0
-0.75,-3.0,0.0
-0.75,-3.1,0.0
-0.75,-3.2,0.0
-0.5,2.0,0.891446
-0.5,1.9,0.891367
-0.5,1.8,0.891269
-0.5,1.7,0.891144
-0.5,1.6,0.890988
-0.5,1.5,0.890791
-0.5,1.4,0.890543
-0.5,1.3,0.890231
-0.5,1.2,0.889838
-0.5,1.1,0.889344
-0.5,1.0,0.888721
-0.5,0.9,0.887936
-0.5,0.8,0.886949
-0.5,0.7,0.885707
-0.5,0.6,0.884142
-0.5,0.5,0.882173
-0.5,0.4,0.879693
-0.5,0.3,0.876571
-0.5,0.2,0.872642
-0.5,0.1,0.867695
-0.5,0.0,0.861466
-0.5,-0.1,0.853625
-0.5,-0.2,0.843858
-0.5,-0.3,0.831455
-0.5,-0.4,0.815841
-0.5,-0.5,0.796184
-0.5,-0.6,0.771436
-0.5,-0.7,0.740282
-0.5,-0.8,0.70106
-0.5,-0.9,0.651683
-0.5,-1.0,0.589521
-0.5,-1.1,0.511263
-0.5,-1.2,0.412743
-0.5,-1.3,0.288721
-0.5,-1.4,0.133559
-0.5,-1.5,0.004263
-0.5,-1.6,0.0
-0.5,-1.7,0.0
-0.5,-1.8,0.0
-0.5,-1.9,0.0
-0.5,-2.0,0.0
-0.5,-2.1,0.0
-0.5,-2.2,0.0
-0.5,-2.3,0.0
-0.5,-2.4,0.0
-0.5,-2.5,0.0
-0.5,-2.6,0.0
-0.5,-2.7,0.0
-0.5,-2.8,0.0
-0.5,-2.9,0.0
-0.5,-3.0,0.0
-0.5,-3.1,0.0
-0.5,-3.2,0.0
-0.25,2.0,0.809358
-0.25,1.9,0.809254
-0.25,1.8,0.809122
-0.25,1.7,0.808957
-0.25,1.6,0.808748
-0.25,1.5,0.808485
-0.25,1.4,0.808154
-0.25,1.3,0.807738
-0.25,1.2,0.807214
-0.25,1.1,0.806555
-0.25,1.0,0.805724
-0.25,0.9,0.804678
-0.25,0.8,0.803362
-0.25,0.7,0.801705
-0.25,0.6,0.799619
-0.25,0.5,0.796992
-0.25,0.4,0.793686
-0.25,0.3,0.789523
-0.25,0.2,0.784283
-0.25,0.1,0.777686
-0.25,0.0,0.76938
-0.25,-0.1,0.758924
-0.25,-0.2,0.745896
-0.25,-0.3,0.729356
-0.25,-0.4,0.708534
-0.25,-0.5,0.682321
-0.25,-0.6,0.64932
-0.25,-0.7,0.607776
-0.25,-0.8,0.555477
-0.25,-0.9,0.489646
-0.25,-1.0,0.406821
-0.25,-1.1,0.302931
-0.25,-1.2,0.176162
-0.25,-1.3,0.052039
-0.25,-1.4,0.0
-0.25,-1.5,0.0
-0.25,-1.6,0.0
-0.25,-1.7,0.0
-0.25,-1.8,0.0
-0.25,-1.9,0.0
-0.25,-2.0,0.0
-0.25,-2.1,0.0
-0.25,-2.2,0.0
-0.25,-2.3,0.0
-0.25,-2.4,0.0
-0.25,-2.5,0.0
-0.25,-2.6,0.0
-0.25,-2.7,0.0
-0.25,-2.8,0.0
-0.25,-2.9,0.0
-0.25,-3.0,0.0
-0.25,-3.1,0.0
-0.25,-3.2,0.0
0.0,2.0,0.663717
0.0,1.9,0.663578
0.0,1.8,0.663403
0.0,1.7,0.663183
0.0,1.6,0.662905
0.0,1.5,0.662556
0.0,1.4,0.662117
0.0,1.3,0.661563
0.0,1.2,0.660866
0.0,1.1,0.659989
0.0,1.0,0.658885
0.0,0.9,0.657495
0.0,0.8,0.655745
0.0,0.7,0.653542
0.0,0.6,0.650768
0.0,0.5,0.647278
0.0,0.4,0.642883
0.0,0.3,0.637352
0.0,0.2,0.630391
0.0,0.1,0.621629
0.0,0.0,0.610604
0.0,-0.1,0.596732
0.0,-0.2,0.579459
0.0,-0.3,0.557563
0.0,-0.4,0.530054
0.0,-0.5,0.495536
0.0,-0.6,0.452337
0.0,-0.7,0.398566
0.0,-0.8,0.332463
0.0,-0.9,0.253618
0.0,-1.0,0.165947
0.0,-1.1,0.080749
0.0,-1.2,0.016621
0.0,-1.3,0.0
0.0,-1.4,0.0
0.0,-1.5,0.0
0.0,-1.6,0.0
0.0,-1.7,0.0
0.0,-1.8,0.0
0.0,-1.9,0.0
0.0,-2.0,0.0
0.0,-2.1,0.0
0.0,-2.2,0.0
0.0,-2.3,0.0
0.0,-2.4,0.0
0.0,-2.5,0.0
0.0,-2.6,0.0
0.0,-2.7,0.0
0.0,-2.8,0.0
0.0,-2.9,0.0
0.0,-3.0,0.0
0.0,-3.1,0.0
0.0,-3.2,0.0
0.25,2.0,0.435999
0.25,1.9,0.435841
0.25,1.8,0.435643
0.25,1.7,0.435393
0.25,1.6,0.435078
0.25,1.5,0.434682
0.25,1.4,0.434183
0.25,1.3,0.433556
0.25,1.2,0.432767
0.25,1.1,0.431774
0.25,1.0,0.430525
0.25,0.9,0.428955
0.25,0.8,0.426981
0.25,0.7,0.424501
0.25,0.6,0.421387
0.25,0.5,0.417479
0.25,0.4,0.412578
0.25,0.3,0.406441
0.25,0.2,0.398766
0.25,0.1,0.389188
0.25,0.0,0.377265
0.25,-0.1,0.362475
0.25,-0.2,0.344397
0.25,-0.3,0.322046
0.25,-0.4,0.294887
0.25,-0.5,0.262306
0.25,-0.6,0.223926
0.25,-0.7,0.179881
0.25,-0.8,0.131271
0.25,-0.9,0.08094
0.25,-1.0,0.034799
0.25,-1.1,0.004003
0.25,-1.2,0.0
0.25,-1.3,0.0
0.25,-1.4,0.0
0.25,-1.5,0.0
0.25,-1.6,0.0
0.25,-1.7,0.0
0.25,-1.8,0.0
0.25,-1.9,0.0
0.25,-2.0,0.0
0.25,-2.1,0.0
0.25,-2.2,0.0
0.25,-2.3,0.0
0.25,-2.4,0.0
0.25,-2.5,0.0
0.25,-2.6,0.0
0.25,-2.7,0.0
0.25,-2.8,0.0
0.25,-2.9,0.0
0.25,-3.0,0.0
0.25,-3.1,0.0
0.25,-3.2,0.0
0.5,2.0,0.246705
0.5,1.9,0.246582
0.5,1.8,0.246428
0.5,1.7,0.246233
0.5,1.6,0.245989
0.5,1.5,0.245681
0.5,1.4,0.245294
0.5,1.3,0.244807
0.5,1.2,0.244194
0.5,1.1,0.243424
0.5,1.0,0.242457
0.5,0.9,0.241241
0.5,0.8,0.239715
0.5,0.7,0.237801
0.5,0.6,0.235403
0.5,0.5,0.232401
0.5,0.4,0.228648
0.5,0.3,0.223968
0.5,0.2,0.218144
0.5,0.1,0.210922
0.5,0.0,0.202003
0.5,-0.1,0.191048
0.5,-0.2,0.177691
0.5,-0.3,0.161564
0.5,-0.4,0.142352
0.5,-0.5,0.119894
0.5,-0.6,0.094361
0.5,-0.7,0.06656
0.5,-0.8,0.038443
0.5,-0.9,0.013952
0.5,-1.0,0.000407
0.5,-1.1,0.0
0.5,-1.2,0.0
0.5,-1.3,0.0
0.5,-1.4,0.0
0.5,-1.5,0.0
0.5,-1.6,0.0
0.5,-1.7,0.0
0.5,-1.8,0.0
0.5,-1.9,0.0
0.5,-2.0,0.0
0.5,-2.1,0.0
0.5,-2.2,0.0
0.5,-2.3,0.0
0.5,-2.4,0.0
0.5,-2.5,0.0
0.5,-2.6,0.0
0.5,-2.7,0.0
0.5,-2.8,0.0
0.5,-2.9,0.0
0.5,-3.0,0.0
0.5,-3.1,0.0
0.5,-3.2,0.0
0.75,2.0,0.138756
0.75,1.9,0.138664
0.75,1.8,0.138548
0.75,1.7,0.138402
0.75,1.6,0.138219
0.75,1.5,0.137988
0.75,1.4,0.137698
0.75,1.3,0.137333
0.75,1.2,0.136875
0.75,1.1,0.136298
0.75,1.0,0.135575
0.75,0.9,0.134666
0.75,0.8,0.133527
0.75,0.7,0.1321
0.75,0.6,0.130314
0.75,0.5,0.128082
0.75,0.4,0.125301
0.75,0.3,0.121842
0.75,0.2,0.117557
0.75,0.1,0.112272
0.75,0.0,0.105791
0.75,-0.1,0.097905
0.75,-0.2,0.088413
0.75,-0.3,0.077151
0.75,-0.4,0.064063
0.75,-0.5,0.049315
0.75,-0.6,0.033489
0.75,-0.7,0.017907
0.75,-0.8,0.005172
0.75,-0.9,0.0
0.75,-1.0,0.0
0.75,-1.1,0.0
0.75,-1.2,0.0
0.75,-1.3,0.0
0.75,-1.4,0.0
0.75,-1.5,0.0
0.75,-1.6,0.0
0.75,-1.7,0.0
0.75,-1.8,0.0
0.75,-1.9,0.0
0.75,-2.0,0.0
0.75,-2.1,0.0
0.75,-2.2,0.0
0.75,-2.3,0.0
0.75,-2.4,0.0
0.75,-2.5,0.0
0.75,-2.6,0.0
0.75,-2.7,0.0
0.75,-2.8,0.0
0.75,-2.9,0.0
0.75,-3.0,0.0
0.75,-3.1,0.0
0.75,-3.2,0.0
1.0,2.0,0.078075
1.0,1.9,0.078006
1.0,1.8,0.077919
1.0,1.7,0.07781
1.0,1.6,0.077673
1.0,1.5,0.0775
1.0,1.4,0.077282
1.0,1.3,0.077009
1.0,1.2,0.076666
1.0,1.1,0.076235
1.0,1.0,0.075694
1.0,0.9,0.075015
1.0,0.8,0.074166
1.0,0.7,0.073103
1.0,0.6,0.071776
1.0,0.5,0.070122
1.0,0.4,0.068068
1.0,0.3,0.065526
1.0,0.2,0.062394
1.0,0.1,0.05856
1.0,0.0,0.053906
1.0,-0.1,0.048321
1.0,-0.2,0.041725
1.0,-0.3,0.034108
1.0,-0.4,0.025611
1.0,-0.5,0.016642
1.0,-0.6,0.00809
1.0,-0.7,0.001666
1.0,-0.8,0.0
1.0,-0.9,0.0
1.0,-1.0,0.0
1.0,-1.1,0.0
1.0,-1.2,0.0
1.0,-1.3,0.0
1.0,-1.4,0.0
1.0,-1.5,0.0
1.0,-1.6,0.0
1.0,-1.7,0.0
1.0,-1.8,0.0
1.0,-1.9,0.0
1.0,-2.0,0.0
1.0,-2.1,0.0
1.0,-2.2,0.0
1.0,-2.3,0.0
1.0,-2.4,0.0
1.0,-2.5,0.0
1.0,-2.6,0.0
1.0,-2.7,0.0
1.0,-2.8,0.0
1.0,-2.9,0.0
1.0,-3.0,0.0
1.0,-3.1,0.0
1.0,-3.2,0.0
1.25,2.0,0.043969
1.25,1.9,0.043917
1.25,1.8,0.043852
1.25,1.7,0.04377
1.25,1.6,0.043667
1.25,1.5,0.043537
1.25,1.4,0.043374
1.25,1.3,0.043169
1.25,1.2,0.042913
1.25,1.1,0.04259
1.25,1.0,0.042186
1.25,0.9,0.04168
1.25,0.8,0.041047
1.25,0.7,0.040258
1.25,0.6,0.039275
1.25,0.5,0.038054
1.25,0.4,0.036545
1.25,0.3,0.034689
1.25,0.2,0.03242
1.25,0.1,0.029674
1.25,0.0,0.02639
1.25,-0.1,0.022528
1.25,-0.2,0.018101
1.25,-0.3,0.013217
1.25,-0.4,0.008158
1.25,-0.5,0.003518
1.25,-0.6,0.000417
1.25,-0.7,0.0
1.25,-0.8,0.0
1.25,-0.9,0.0
1.25,-1.0,0.0
1.25,-1.1,0.0
1.25,-1.2,0.0
1.25,-1.3,0.0
1.25,-1.4,0.0
1.25,-1.5,0.0
1.25,-1.6,0.0
1.25,-1.7,0.0
1.25,-1.8,0.0
1.25,-1.9,0.0
1.25,-2.0,0.0
1.25,-2.1,0.0
1.25,-2.2,0.0
1.25,-2.3,0.0
1.25,-2.4,0.0
1.25,-2.5,0.0
1.25,-2.6,0.0
1.25,-2.7,0.0
1.25,-2.8,0.0
1.25,-2.9,0.0
1.25,-3.0,0.0
1.25,-3.1,0.0
1.25,-3.2,0.0
1.5,2.0,0.024802
1.5,1.9,0.024763
1.5,1.8,0.024714
1.5,1.7,0.024653
1.5,1.6,0.024575
1.5,1.5,0.024478
1.5,1.4,0.024356
1.5,1.3,0.024203
1.5,1.2,0.02401
1.5,1.1,0.02377
1.5,1.0,0.023468
1.5,0.9,0.023091
1.5,0.8,0.022621
1.5,0.7,0.022036
1.5,0.6,0.02131
1.5,0.5,0.020413
1.5,0.4,0.019312
1.5,0.3,0.01797
1.5,0.2,0.016348
1.5,0.1,0.014416
1.5,0.0,0.012156
1.5,-0.1,0.009585
1.5,-0.2,0.006783
1.5,-0.3,0.003943
1.5,-0.4,0.001459
1.5,-0.5,6e-05
1.5,-0.6,0.0
1.5,-0.7,0.0
1.5,-0.8,0.0
1.5,-0.9,0.0
1.5,-1.0,0.0
1.5,-1.1,0.0
1.5,-1.2,0.0
1.5,-1.3,0.0
1.5,-1.4,0.0
1.5,-1.5,0.0
1.5,-1.6,0.0
1.5,-1.7,0.0
1.5,-1.8,0.0
1.5,-1.9,0.0
1.5,-2.0,0.0
1.5,-2.1,0.0
1.5,-2.2,0.0
1.5,-2.3,0.0
1.5,-2.4,0.0
1.5,-2.5,0.0
1.5,-2.6,0.0
1.5,-2.7,0.0
1.5,-2.8,0.0
1.5,-2.9,0.0
1.5,-3.0,0.0
1.5,-3.1,0.0
1.5,-3.2,0.0
1.75,2.0,0.014034
1.75,1.9,0.014004
1.75,1.8,0.013967
1.75,1.7,0.013921
1.75,1.6,0.013863
1.75,1.5,0.01379
1.75,1.4,0.013699
1.75,1.3,0.013584
1.75,1.2,0.01344
1.75,1.1,0.01326
1.75,1.0,0.013035
1.75,0.9,0.012754
1.75,0.8,0.012405
1.75,0.7,0.011973
1.75,0.6,0.01144
1.75,0.5,0.010786
1.75,0.4,0.00999
1.75,0.3,0.009031
1.75,0.2,0.007893
1.75,0.1,0.00657
1.75,0.0,0.005076
1.75,-0.1,0.00347
1.75,-0.2,0.001882
1.75,-0.3,0.000572
1.75,-0.4,1e-05
1.75,-0.5,0.0
1.75,-0.6,0.0
1.75,-0.7,0.0
1.75,-0.8,0.0
1.75,-0.9,0.0
1.75,-1.0,0.0
1.75,-1.1,0.0
1.75,-1.2,0.0
1.75,-1.3,0.0
1.75,-1.4,0.0
1.75,-1.5,0.0
1.75,-1.6,0.0
1.75,-1.7,0.0
1.75,-1.8,0.0
1.75,-1.9,0.0
1.75,-2.0,0.0
1.75,-2.1,0.0
1.75,-2.2,0.0
1.75,-2.3,0.0
1.75,-2.4,0.0
1.75,-2.5,0.0
1.75,-2.6,0.0
1.75,-2.7,0.0
1.75,-2.8,0.0
1.75,-2.9,0.0
1.75,-3.0,0.0
1.75,-3.1,0.0
1.75,-3.2,0.0
